Année,Effectif,Effectif_handicap,Pourcentage
2017,328738.0,2209.0,0.6719636914503343
2018,321659.0,2277.0,0.7078925197180865
2019,314735.0,2272.0,0.7218771347323939
2020,312434.0,2370.0,0.7585602079159118
2021,311535.0,2425.0,0.7784037106585134
2022,316441.0,2464.0,0.7786601609778758
2023,324948.0,2664.0,0.8198234794490195
